﻿Title,Year,Languages,Rating Value
The Incredible Hulk,2008,[English;Portuguese;Spanish],6.8
Sherlock Holmes,2009,[English;French],7.6
Iron Man,2008,[English;Persian;Urdu;Arabic;Hungarian],7.9
Iron Man 2,2010,[English;French;Russian],7
Iron Man 3,2013,[English],7.2
Thor: Ragnarok,2017,[English],7.9
Captain America: Civil War,2016,[English;German;Russian;Romanian;Hindi],7.8
Ant-Man,2015,[English],7.3
Captain America: The Winter Soldier,2014,[English;French],7.8
Mary Queen of Scots,2018,[English],6.9
Revolting Rhymes Part One,2016,[English;Swedish],7.7
The Glass Castle,2017,[English],7.2
Free Fire,2016,[English],6.4
Right on Track,2003,[English],6.6
Rise of the Guardians,2012,[English;French],7.3
Anna Karenina,2012,[English],8.1
